ticker,price,price_date,updated_at_utc,updated_at_madrid,market_status,confirmed_close,confirmed_close_date,change_from_close,change_from_close_percent
AA,42.509998,2026-10-02,2026-10-02 14:05:45 UTC,2026-10-02 16:05:45,open,42.060001,2026-10-01,0.449997,1.0699
AAOI,112.949997,2026-10-02,2026-10-02 14:05:45 UTC,2026-10-02 16:05:45,open,107.32,2026-10-01,5.629997,5.246
AAPL,332.054993,2026-10-02,2026-10-02 14:05:45 UTC,2026-10-02 16:05:45,open,330.320007,2026-10-01,1.734986,0.5252
ABBNY,99.120003,2026-10-02,2026-10-02 14:05:45 UTC,2026-10-02 16:05:45,open,96.089996,2026-10-01,3.030007,3.1533
ABBV,260.700012,2026-10-02,2026-10-02 14:05:45 UTC,2026-10-02 16:05:45,open,259.929993,2026-10-01,0.770019,0.2962
ABNB,164.110001,2026-10-02,2026-10-02 14:05:45 UTC,2026-10-02 16:05:45,open,160.470001,2026-10-01,3.64,2.2683
ABT,96.150002,2026-10-02,2026-10-02 14:05:45 UTC,2026-10-02 16:05:45,open,96.690002,2026-10-01,-0.54,-0.5585
ACN,204.274994,2026-10-02,2026-10-02 14:05:45 UTC,2026-10-02 16:05:45,open,212.300003,2026-10-01,-8.025009,-3.78
ADBE,240.945007,2026-10-02,2026-10-02 14:05:45 UTC,2026-10-02 16:05:45,open,241.279999,2026-10-01,-0.334992,-0.1388
ADI,417.959991,2026-10-02,2026-10-02 14:05:45 UTC,2026-10-02 16:05:45,open,404.600006,2026-10-01,13.359985,3.302
ADM,79.849998,2026-10-02,2026-10-02 14:05:45 UTC,2026-10-02 16:05:45,open,79.519997,2026-10-01,0.330001,0.415
ADP,260.75,2026-10-02,2026-10-02 14:05:45 UTC,2026-10-02 16:05:45,open,263.959991,2026-10-01,-3.209991,-1.2161
AEE,100.559998,2026-10-02,2026-10-02 14:05:45 UTC,2026-10-02 16:05:45,open,99.639999,2026-10-01,0.919999,0.9233
AEM,184.720001,2026-10-02,2026-10-02 14:05:45 UTC,2026-10-02 16:05:45,open,180.589996,2026-10-01,4.130005,2.287
AEP,121.410004,2026-10-02,2026-10-02 14:05:45 UTC,2026-10-02 16:05:45,open,119.75,2026-10-01,1.660004,1.3862
AES,14.93,2026-10-02,2026-10-02 14:05:45 UTC,2026-10-02 16:05:45,open,14.92,2026-10-01,0.01,0.067
AG,18.004999,2026-10-02,2026-10-02 14:05:45 UTC,2026-10-02 16:05:45,open,17.66,2026-10-01,0.344999,1.9536
AGI,32.57,2026-10-02,2026-10-02 14:05:45 UTC,2026-10-02 16:05:45,open,31.889999,2026-10-01,0.680001,2.1323
AJG,230.057495,2026-10-02,2026-10-02 14:05:45 UTC,2026-10-02 16:05:45,open,231.820007,2026-10-01,-1.762512,-0.7603
ALB,105.900002,2026-10-02,2026-10-02 14:05:45 UTC,2026-10-02 16:05:45,open,105.029999,2026-10-01,0.870003,0.8283
ALFVY,54.599998,2026-10-01,2026-10-02 14:05:45 UTC,2026-10-02 16:05:45,open,54.599998,2026-10-01,0.0,0.0
ALKS,41.299999,2026-10-02,2026-10-02 14:05:45 UTC,2026-10-02 16:05:45,open,40.540001,2026-10-01,0.759998,1.8747
ALL,223.964996,2026-10-02,2026-10-02 14:05:45 UTC,2026-10-02 16:05:45,open,224.410004,2026-10-01,-0.445008,-0.1983
ALNY,226.580002,2026-10-02,2026-10-02 14:05:45 UTC,2026-10-02 16:05:45,open,231.179993,2026-10-01,-4.599991,-1.9898
AMAT,541.390015,2026-10-02,2026-10-02 14:05:45 UTC,2026-10-02 16:05:45,open,529.299988,2026-10-01,12.090027,2.2842
AMCR,42.310001,2026-10-02,2026-10-02 14:05:45 UTC,2026-10-02 16:05:45,open,41.810001,2026-10-01,0.5,1.1959
AMD,640.562927,2026-10-02,2026-10-02 14:05:45 UTC,2026-10-02 16:05:45,open,615.72998,2026-10-01,24.832947,4.0331
AMGN,405.619995,2026-10-02,2026-10-02 14:05:45 UTC,2026-10-02 16:05:45,open,407.269989,2026-10-01,-1.649994,-0.4051
AMKR,55.0,2026-10-02,2026-10-02 14:05:45 UTC,2026-10-02 16:05:45,open,52.900002,2026-10-01,2.099998,3.9698
AMP,489.75,2026-10-02,2026-10-02 14:05:45 UTC,2026-10-02 16:05:45,open,494.820007,2026-10-01,-5.070007,-1.0246
AMT,164.029999,2026-10-02,2026-10-02 14:05:45 UTC,2026-10-02 16:05:45,open,161.059998,2026-10-01,2.970001,1.844
AMZN,251.660507,2026-10-02,2026-10-02 14:05:45 UTC,2026-10-02 16:05:45,open,248.229996,2026-10-01,3.430511,1.382
ANET,206.958893,2026-10-02,2026-10-02 14:05:45 UTC,2026-10-02 16:05:45,open,204.490005,2026-10-01,2.468888,1.2073
AON,272.75,2026-10-02,2026-10-02 14:05:45 UTC,2026-10-02 16:05:45,open,275.950012,2026-10-01,-3.200012,-1.1596
APA,43.139999,2026-10-02,2026-10-02 14:05:45 UTC,2026-10-02 16:05:45,open,43.34,2026-10-01,-0.200001,-0.4615
APD,276.380005,2026-10-02,2026-10-02 14:05:45 UTC,2026-10-02 16:05:45,open,273.329987,2026-10-01,3.050018,1.1159
APH,86.544998,2026-10-02,2026-10-02 14:05:45 UTC,2026-10-02 16:05:45,open,85.669998,2026-10-01,0.875,1.0214
ARE,47.759998,2026-10-02,2026-10-02 14:05:45 UTC,2026-10-02 16:05:45,open,47.029999,2026-10-01,0.729999,1.5522
ARGX,920.780029,2026-10-02,2026-10-02 14:05:45 UTC,2026-10-02 16:05:45,open,936.0,2026-10-01,-15.219971,-1.6261
ARM,311.609985,2026-10-02,2026-10-02 14:05:45 UTC,2026-10-02 16:05:45,open,292.339996,2026-10-01,19.269989,6.5916
ARWR,65.199997,2026-10-02,2026-10-02 14:05:45 UTC,2026-10-02 16:05:45,open,64.790001,2026-10-01,0.409996,0.6328
ASMIY,1072.069946,2026-10-02,2026-10-02 14:05:45 UTC,2026-10-02 16:05:45,open,1017.460022,2026-10-01,54.609924,5.3673
ASML,1858.189941,2026-10-02,2026-10-02 14:05:45 UTC,2026-10-02 16:05:45,open,1808.48999,2026-10-01,49.699951,2.7481
AU,95.955002,2026-10-02,2026-10-02 14:05:45 UTC,2026-10-02 16:05:45,open,94.199997,2026-10-01,1.755005,1.8631
AVB,184.059998,2026-08-14,2026-10-02 14:05:45 UTC,2026-10-02 16:05:45,open,184.059998,2026-08-14,0.0,0.0
AVGO,352.75,2026-10-02,2026-10-02 14:05:45 UTC,2026-10-02 16:05:45,open,343.640015,2026-10-01,9.109985,2.651
AVY,172.794998,2026-10-02,2026-10-02 14:05:45 UTC,2026-10-02 16:05:45,open,171.619995,2026-10-01,1.175003,0.6847
AWK,129.369995,2026-10-02,2026-10-02 14:05:45 UTC,2026-10-02 16:05:45,open,127.860001,2026-10-01,1.509994,1.181
AXP,301.040009,2026-10-02,2026-10-02 14:05:45 UTC,2026-10-02 16:05:45,open,302.089996,2026-10-01,-1.049987,-0.3476
AZO,2823.715088,2026-10-02,2026-10-02 14:05:45 UTC,2026-10-02 16:05:45,open,2819.030029,2026-10-01,4.685059,0.1662
BA,191.278,2026-10-02,2026-10-02 14:05:45 UTC,2026-10-02 16:05:45,open,192.279999,2026-10-01,-1.001999,-0.5211
BAC,53.4641,2026-10-02,2026-10-02 14:05:45 UTC,2026-10-02 16:05:45,open,53.73,2026-10-01,-0.2659,-0.4949
BALL,57.18,2026-10-02,2026-10-02 14:05:45 UTC,2026-10-02 16:05:45,open,56.5,2026-10-01,0.68,1.2035
BDX,176.845001,2026-10-02,2026-10-02 14:05:45 UTC,2026-10-02 16:05:45,open,178.070007,2026-10-01,-1.225006,-0.6879
BESIY,231.990005,2026-10-02,2026-10-02 14:05:45 UTC,2026-10-02 16:05:45,open,216.690002,2026-10-01,15.300003,7.0608
BF-B,26.09,2026-10-02,2026-10-02 14:05:45 UTC,2026-10-02 16:05:45,open,25.969999,2026-10-01,0.120001,0.4621
BIIB,222.860001,2026-10-02,2026-10-02 14:05:45 UTC,2026-10-02 16:05:45,open,222.820007,2026-10-01,0.039994,0.0179
BKNG,160.949997,2026-10-02,2026-10-02 14:05:45 UTC,2026-10-02 16:05:45,open,160.279999,2026-10-01,0.669998,0.418
BKR,55.700001,2026-10-02,2026-10-02 14:05:45 UTC,2026-10-02 16:05:45,open,55.619999,2026-10-01,0.080002,0.1438
BLK,1075.224976,2026-10-02,2026-10-02 14:05:45 UTC,2026-10-02 16:05:45,open,1064.359985,2026-10-01,10.864991,1.0208
BMRN,57.700001,2026-10-02,2026-10-02 14:05:45 UTC,2026-10-02 16:05:45,open,58.439999,2026-10-01,-0.739998,-1.2663
BMY,60.919998,2026-10-02,2026-10-02 14:05:45 UTC,2026-10-02 16:05:45,open,61.459999,2026-10-01,-0.540001,-0.8786
BRK-B,501.670013,2026-10-02,2026-10-02 14:05:45 UTC,2026-10-02 16:05:45,open,500.5,2026-10-01,1.170013,0.2338
BSX,42.290001,2026-10-02,2026-10-02 14:05:45 UTC,2026-10-02 16:05:45,open,43.23,2026-10-01,-0.939999,-2.1744
BTC-USD,86780.570312,2026-10-02,2026-10-02 14:05:45 UTC,2026-10-02 16:05:45,open_24_7,84853.101562,2026-10-01,1927.46875,2.2715
BXP,61.09,2026-10-02,2026-10-02 14:05:45 UTC,2026-10-02 16:05:45,open,60.240002,2026-10-01,0.849998,1.411
C,127.415001,2026-10-02,2026-10-02 14:05:45 UTC,2026-10-02 16:05:45,open,127.0,2026-10-01,0.415001,0.3268
CAG,13.235,2026-10-02,2026-10-02 14:05:45 UTC,2026-10-02 16:05:45,open,13.2,2026-10-01,0.035,0.2652
CARR,55.555,2026-10-02,2026-10-02 14:05:45 UTC,2026-10-02 16:05:45,open,55.220001,2026-10-01,0.334999,0.6067
CAT,839.929993,2026-10-02,2026-10-02 14:05:45 UTC,2026-10-02 16:05:45,open,826.349976,2026-10-01,13.580017,1.6434
CB,328.839996,2026-10-02,2026-10-02 14:05:45 UTC,2026-10-02 16:05:45,open,331.299988,2026-10-01,-2.459992,-0.7425
CBOE,277.154999,2026-10-02,2026-10-02 14:05:45 UTC,2026-10-02 16:05:45,open,277.190002,2026-10-01,-0.035003,-0.0126
CBRE,132.809998,2026-10-02,2026-10-02 14:05:45 UTC,2026-10-02 16:05:45,open,130.529999,2026-10-01,2.279999,1.7467
CCI,67.389999,2026-10-02,2026-10-02 14:05:45 UTC,2026-10-02 16:05:45,open,66.120003,2026-10-01,1.269996,1.9207
CCL,25.639999,2026-10-02,2026-10-02 14:05:45 UTC,2026-10-02 16:05:45,open,25.07,2026-10-01,0.569999,2.2736
CDE,18.110001,2026-10-02,2026-10-02 14:05:45 UTC,2026-10-02 16:05:45,open,17.559999,2026-10-01,0.550002,3.1321
CDNS,349.767487,2026-10-02,2026-10-02 14:05:45 UTC,2026-10-02 16:05:45,open,350.730011,2026-10-01,-0.962524,-0.2744
CE,44.419998,2026-10-02,2026-10-02 14:05:45 UTC,2026-10-02 16:05:45,open,44.200001,2026-10-01,0.219997,0.4977
CEG,250.634995,2026-10-02,2026-10-02 14:05:45 UTC,2026-10-02 16:05:45,open,258.920013,2026-10-01,-8.285018,-3.1998
CF,115.264999,2026-10-02,2026-10-02 14:05:45 UTC,2026-10-02 16:05:45,open,114.540001,2026-10-01,0.724998,0.633
CHD,94.599998,2026-10-02,2026-10-02 14:05:45 UTC,2026-10-02 16:05:45,open,94.110001,2026-10-01,0.489997,0.5207
CHTR,110.910004,2026-10-02,2026-10-02 14:05:45 UTC,2026-10-02 16:05:45,open,111.370003,2026-10-01,-0.459999,-0.413
CI,268.505005,2026-10-02,2026-10-02 14:05:45 UTC,2026-10-02 16:05:45,open,267.959991,2026-10-01,0.545014,0.2034
CIEN,383.090088,2026-10-02,2026-10-02 14:05:45 UTC,2026-10-02 16:05:45,open,379.140015,2026-10-01,3.950073,1.0419
CL,84.339996,2026-10-02,2026-10-02 14:05:45 UTC,2026-10-02 16:05:45,open,84.529999,2026-10-01,-0.190003,-0.2248
CLF,11.685,2026-10-02,2026-10-02 14:05:45 UTC,2026-10-02 16:05:45,open,11.47,2026-10-01,0.215,1.8745
CMCSA,21.674999,2026-10-02,2026-10-02 14:05:45 UTC,2026-10-02 16:05:45,open,21.700001,2026-10-01,-0.025002,-0.1152
CME,262.722504,2026-10-02,2026-10-02 14:05:45 UTC,2026-10-02 16:05:45,open,265.100006,2026-10-01,-2.377502,-0.8968
CMG,32.110001,2026-10-02,2026-10-02 14:05:45 UTC,2026-10-02 16:05:45,open,32.32,2026-10-01,-0.209999,-0.6497
CMI,525.25,2026-10-02,2026-10-02 14:05:45 UTC,2026-10-02 16:05:45,open,517.0,2026-10-01,8.25,1.5957
CMS,64.389999,2026-10-02,2026-10-02 14:05:45 UTC,2026-10-02 16:05:45,open,63.639999,2026-10-01,0.75,1.1785
CNP,37.650002,2026-10-02,2026-10-02 14:05:45 UTC,2026-10-02 16:05:45,open,37.209999,2026-10-01,0.440003,1.1825
COF,195.0,2026-10-02,2026-10-02 14:05:45 UTC,2026-10-02 16:05:45,open,194.479996,2026-10-01,0.520004,0.2674
COHR,329.480011,2026-10-02,2026-10-02 14:05:45 UTC,2026-10-02 16:05:45,open,319.190002,2026-10-01,10.290009,3.2238
COP,126.487503,2026-10-02,2026-10-02 14:05:45 UTC,2026-10-02 16:05:45,open,127.059998,2026-10-01,-0.572495,-0.4506
COR,303.429993,2026-10-02,2026-10-02 14:05:45 UTC,2026-10-02 16:05:45,open,309.779999,2026-10-01,-6.350006,-2.0498
COST,914.750305,2026-10-02,2026-10-02 14:05:45 UTC,2026-10-02 16:05:45,open,914.940002,2026-10-01,-0.189697,-0.0207
CPB,19.684999,2026-10-02,2026-10-02 14:05:45 UTC,2026-10-02 16:05:45,open,19.49,2026-10-01,0.194999,1.0005
CPT,96.650002,2026-10-02,2026-10-02 14:05:45 UTC,2026-10-02 16:05:45,open,96.620003,2026-10-01,0.029999,0.031
CRDO,230.244995,2026-10-02,2026-10-02 14:05:45 UTC,2026-10-02 16:05:45,open,210.169998,2026-10-01,20.074997,9.5518
CRM,237.869995,2026-10-02,2026-10-02 14:05:45 UTC,2026-10-02 16:05:45,open,236.690002,2026-10-01,1.179993,0.4985
CRWD,270.549988,2026-10-02,2026-10-02 14:05:45 UTC,2026-10-02 16:05:45,open,266.089996,2026-10-01,4.459992,1.6761
CSCO,110.459999,2026-10-02,2026-10-02 14:05:45 UTC,2026-10-02 16:05:45,open,108.760002,2026-10-01,1.699997,1.5631
CSGP,27.615,2026-10-02,2026-10-02 14:05:45 UTC,2026-10-02 16:05:45,open,27.719999,2026-10-01,-0.104999,-0.3788
CSX,47.09,2026-10-02,2026-10-02 14:05:45 UTC,2026-10-02 16:05:45,open,46.540001,2026-10-01,0.549999,1.1818
CTVA,12.66,2026-10-02,2026-10-02 14:05:45 UTC,2026-10-02 16:05:45,open,12.57,2026-10-01,0.09,0.716
CVS,86.739998,2026-10-02,2026-10-02 14:05:45 UTC,2026-10-02 16:05:45,open,85.199997,2026-10-01,1.540001,1.8075
CVX,206.645004,2026-10-02,2026-10-02 14:05:45 UTC,2026-10-02 16:05:45,open,207.100006,2026-10-01,-0.455002,-0.2197
D,61.505001,2026-10-02,2026-10-02 14:05:45 UTC,2026-10-02 16:05:45,open,60.759998,2026-10-01,0.745003,1.2261
DAL,84.160004,2026-10-02,2026-10-02 14:05:45 UTC,2026-10-02 16:05:45,open,84.129997,2026-10-01,0.030007,0.0357
DD,129.679993,2026-10-02,2026-10-02 14:05:45 UTC,2026-10-02 16:05:45,open,129.199997,2026-10-01,0.479996,0.3715
DDOG,279.535004,2026-10-02,2026-10-02 14:05:45 UTC,2026-10-02 16:05:45,open,276.459991,2026-10-01,3.075013,1.1123
DE,670.530029,2026-10-02,2026-10-02 14:05:45 UTC,2026-10-02 16:05:45,open,667.26001,2026-10-01,3.270019,0.4901
DECK,78.709999,2026-10-02,2026-10-02 14:05:45 UTC,2026-10-02 16:05:45,open,79.57,2026-10-01,-0.860001,-1.0808
DELL,562.375,2026-10-02,2026-10-02 14:05:45 UTC,2026-10-02 16:05:45,open,541.73999,2026-10-01,20.63501,3.809
DG,118.029999,2026-10-02,2026-10-02 14:05:45 UTC,2026-10-02 16:05:45,open,118.93,2026-10-01,-0.900001,-0.7567
DHI,136.960007,2026-10-02,2026-10-02 14:05:45 UTC,2026-10-02 16:05:45,open,137.059998,2026-10-01,-0.099991,-0.073
DHR,214.429993,2026-10-02,2026-10-02 14:05:45 UTC,2026-10-02 16:05:45,open,211.759995,2026-10-01,2.669998,1.2609
DIS,101.964996,2026-10-02,2026-10-02 14:05:45 UTC,2026-10-02 16:05:45,open,101.330002,2026-10-01,0.634994,0.6267
DKILY,13.13,2026-10-02,2026-10-02 14:05:45 UTC,2026-10-02 16:05:45,open,13.11,2026-10-01,0.02,0.1526
DLR,178.350006,2026-10-02,2026-10-02 14:05:45 UTC,2026-10-02 16:05:45,open,176.490005,2026-10-01,1.860001,1.0539
DLTR,112.964996,2026-10-02,2026-10-02 14:05:45 UTC,2026-10-02 16:05:45,open,114.43,2026-10-01,-1.465004,-1.2803
DOC,19.745001,2026-10-02,2026-10-02 14:05:45 UTC,2026-10-02 16:05:45,open,19.440001,2026-10-01,0.305,1.5689
DOW,27.9,2026-10-02,2026-10-02 14:05:45 UTC,2026-10-02 16:05:45,open,27.59,2026-10-01,0.31,1.1236
DPZ,299.920013,2026-10-02,2026-10-02 14:05:45 UTC,2026-10-02 16:05:45,open,295.0,2026-10-01,4.920013,1.6678
DTE,124.754997,2026-10-02,2026-10-02 14:05:45 UTC,2026-10-02 16:05:45,open,123.269997,2026-10-01,1.485,1.2047
DUK,114.730003,2026-10-02,2026-10-02 14:05:45 UTC,2026-10-02 16:05:45,open,113.739998,2026-10-01,0.990005,0.8704
DVN,47.139999,2026-10-02,2026-10-02 14:05:45 UTC,2026-10-02 16:05:45,open,47.16,2026-10-01,-0.020001,-0.0424
DXCM,85.690002,2026-10-02,2026-10-02 14:05:45 UTC,2026-10-02 16:05:45,open,86.230003,2026-10-01,-0.540001,-0.6262
EA,209.699997,2026-08-04,2026-10-02 14:05:45 UTC,2026-10-02 16:05:45,open,209.699997,2026-08-04,0.0,0.0
EBAY,107.074997,2026-10-02,2026-10-02 14:05:45 UTC,2026-10-02 16:05:45,open,105.889999,2026-10-01,1.184998,1.1191
ECL,273.709991,2026-10-02,2026-10-02 14:05:45 UTC,2026-10-02 16:05:45,open,271.26001,2026-10-01,2.449981,0.9032
ED,103.900002,2026-10-02,2026-10-02 14:05:45 UTC,2026-10-02 16:05:45,open,103.5,2026-10-01,0.400002,0.3865
EGO,38.18,2026-10-02,2026-10-02 14:05:45 UTC,2026-10-02 16:05:45,open,37.610001,2026-10-01,0.569999,1.5156
EIX,54.299999,2026-10-02,2026-10-02 14:05:45 UTC,2026-10-02 16:05:45,open,53.799999,2026-10-01,0.5,0.9294
EL,90.974998,2026-10-02,2026-10-02 14:05:45 UTC,2026-10-02 16:05:45,open,90.190002,2026-10-01,0.784996,0.8704
ELV,383.359985,2026-10-02,2026-10-02 14:05:45 UTC,2026-10-02 16:05:45,open,381.670013,2026-10-01,1.689972,0.4428
EMN,64.580002,2026-10-02,2026-10-02 14:05:45 UTC,2026-10-02 16:05:45,open,64.050003,2026-10-01,0.529999,0.8275
EMR,161.050003,2026-10-02,2026-10-02 14:05:45 UTC,2026-10-02 16:05:45,open,158.570007,2026-10-01,2.479996,1.564
EOG,141.270004,2026-10-02,2026-10-02 14:05:45 UTC,2026-10-02 16:05:45,open,141.309998,2026-10-01,-0.039994,-0.0283
EQIX,1025.0,2026-10-02,2026-10-02 14:05:45 UTC,2026-10-02 16:05:45,open,1012.330017,2026-10-01,12.669983,1.2516
EQR,63.66,2026-08-17,2026-10-02 14:05:45 UTC,2026-10-02 16:05:45,open,63.66,2026-08-17,0.0,0.0
EQT,50.474998,2026-10-02,2026-10-02 14:05:45 UTC,2026-10-02 16:05:45,open,50.09,2026-10-01,0.384998,0.7686
ES,65.400002,2026-10-02,2026-10-02 14:05:45 UTC,2026-10-02 16:05:45,open,64.309998,2026-10-01,1.090004,1.6949
ESS,270.23999,2026-10-02,2026-10-02 14:05:45 UTC,2026-10-02 16:05:45,open,269.51001,2026-10-01,0.72998,0.2709
ETH-USD,2748.0,2026-10-02,2026-10-02 14:05:45 UTC,2026-10-02 16:05:45,open_24_7,2705.537109,2026-10-01,42.462891,1.5695
ETN,440.890015,2026-10-02,2026-10-02 14:05:45 UTC,2026-10-02 16:05:45,open,437.279999,2026-10-01,3.610016,0.8256
ETR,101.209999,2026-10-02,2026-10-02 14:05:45 UTC,2026-10-02 16:05:45,open,100.400002,2026-10-01,0.809997,0.8068
EVRG,79.445,2026-10-02,2026-10-02 14:05:45 UTC,2026-10-02 16:05:45,open,78.790001,2026-10-01,0.654999,0.8313
EW,85.739998,2026-10-02,2026-10-02 14:05:45 UTC,2026-10-02 16:05:45,open,85.190002,2026-10-01,0.549996,0.6456
EXC,40.990002,2026-10-02,2026-10-02 14:05:45 UTC,2026-10-02 16:05:45,open,40.470001,2026-10-01,0.520001,1.2849
EXEL,58.948399,2026-10-02,2026-10-02 14:05:45 UTC,2026-10-02 16:05:45,open,57.939999,2026-10-01,1.0084,1.7404
EXK,8.69,2026-10-02,2026-10-02 14:05:45 UTC,2026-10-02 16:05:45,open,8.56,2026-10-01,0.13,1.5187
EXP,174.164993,2026-10-02,2026-10-02 14:05:45 UTC,2026-10-02 16:05:45,open,173.070007,2026-10-01,1.094986,0.6327
EXR,133.699997,2026-10-02,2026-10-02 14:05:45 UTC,2026-10-02 16:05:45,open,133.080002,2026-10-01,0.619995,0.4659
F,12.055,2026-10-02,2026-10-02 14:05:45 UTC,2026-10-02 16:05:45,open,12.27,2026-10-01,-0.215,-1.7522
FANG,185.160004,2026-10-02,2026-10-02 14:05:45 UTC,2026-10-02 16:05:45,open,185.509995,2026-10-01,-0.349991,-0.1887
FAST,50.700001,2026-10-02,2026-10-02 14:05:45 UTC,2026-10-02 16:05:45,open,50.23,2026-10-01,0.470001,0.9357
FCX,72.535004,2026-10-02,2026-10-02 14:05:45 UTC,2026-10-02 16:05:45,open,69.279999,2026-10-01,3.255005,4.6983
FE,43.77,2026-10-02,2026-10-02 14:05:45 UTC,2026-10-02 16:05:45,open,43.389999,2026-10-01,0.380001,0.8758
FMC,8.74,2026-10-02,2026-10-02 14:05:45 UTC,2026-10-02 16:05:45,open,8.56,2026-10-01,0.18,2.1028
FN,459.049988,2026-10-02,2026-10-02 14:05:45 UTC,2026-10-02 16:05:45,open,451.440002,2026-10-01,7.609986,1.6857
FNV,241.649994,2026-10-02,2026-10-02 14:05:45 UTC,2026-10-02 16:05:45,open,235.789993,2026-10-01,5.860001,2.4853
FOX,55.470001,2026-10-02,2026-10-02 14:05:45 UTC,2026-10-02 16:05:45,open,54.919998,2026-10-01,0.550003,1.0015
FOXA,61.830002,2026-10-02,2026-10-02 14:05:45 UTC,2026-10-02 16:05:45,open,61.279999,2026-10-01,0.550003,0.8975
FRT,108.165001,2026-10-02,2026-10-02 14:05:45 UTC,2026-10-02 16:05:45,open,108.029999,2026-10-01,0.135002,0.125
FSM,11.37,2026-10-02,2026-10-02 14:05:45 UTC,2026-10-02 16:05:45,open,11.17,2026-10-01,0.2,1.7905
FTNT,182.460007,2026-10-02,2026-10-02 14:05:45 UTC,2026-10-02 16:05:45,open,178.720001,2026-10-01,3.740006,2.0927
GD,328.290009,2026-10-02,2026-10-02 14:05:45 UTC,2026-10-02 16:05:45,open,332.720001,2026-10-01,-4.429992,-1.3314
GDX,88.589897,2026-10-02,2026-10-02 14:05:45 UTC,2026-10-02 16:05:45,open,86.739998,2026-10-01,1.849899,2.1327
GE,308.26001,2026-10-02,2026-10-02 14:05:45 UTC,2026-10-02 16:05:45,open,312.390015,2026-10-01,-4.130005,-1.3221
GEV,969.390015,2026-10-02,2026-10-02 14:05:45 UTC,2026-10-02 16:05:45,open,987.450012,2026-10-01,-18.059997,-1.829
GILD,146.210007,2026-10-02,2026-10-02 14:05:45 UTC,2026-10-02 16:05:45,open,147.5,2026-10-01,-1.289993,-0.8746
GIS,32.009998,2026-10-02,2026-10-02 14:05:45 UTC,2026-10-02 16:05:45,open,31.67,2026-10-01,0.339998,1.0736
GLW,163.119995,2026-10-02,2026-10-02 14:05:45 UTC,2026-10-02 16:05:45,open,160.419998,2026-10-01,2.699997,1.6831
GM,78.199997,2026-10-02,2026-10-02 14:05:45 UTC,2026-10-02 16:05:45,open,79.309998,2026-10-01,-1.110001,-1.3996
GOLD,42.91,2026-10-02,2026-10-02 14:05:45 UTC,2026-10-02 16:05:45,open,42.09,2026-10-01,0.82,1.9482
GOOG,341.200012,2026-10-02,2026-10-02 14:05:45 UTC,2026-10-02 16:05:45,open,334.929993,2026-10-01,6.270019,1.872
GOOGL,344.179993,2026-10-02,2026-10-02 14:05:45 UTC,2026-10-02 16:05:45,open,338.23999,2026-10-01,5.940003,1.7562
GPC,126.059998,2026-10-02,2026-10-02 14:05:45 UTC,2026-10-02 16:05:45,open,125.120003,2026-10-01,0.939995,0.7513
GRID,182.419998,2026-10-02,2026-10-02 14:05:45 UTC,2026-10-02 16:05:45,open,178.800003,2026-10-01,3.619995,2.0246
GS,903.280029,2026-10-02,2026-10-02 14:05:45 UTC,2026-10-02 16:05:45,open,896.669983,2026-10-01,6.610046,0.7372
GWW,1292.199951,2026-10-02,2026-10-02 14:05:45 UTC,2026-10-02 16:05:45,open,1281.680054,2026-10-01,10.519897,0.8208
HAL,31.92,2026-10-02,2026-10-02 14:05:45 UTC,2026-10-02 16:05:45,open,31.879999,2026-10-01,0.040001,0.1255
HCA,426.769989,2026-10-02,2026-10-02 14:05:45 UTC,2026-10-02 16:05:45,open,423.390015,2026-10-01,3.379974,0.7983
HD,285.0,2026-10-02,2026-10-02 14:05:45 UTC,2026-10-02 16:05:45,open,282.459991,2026-10-01,2.540009,0.8992
HEI,306.625,2026-10-02,2026-10-02 14:05:45 UTC,2026-10-02 16:05:45,open,306.390015,2026-10-01,0.234985,0.0767
HL,17.295,2026-10-02,2026-10-02 14:05:45 UTC,2026-10-02 16:05:45,open,17.0,2026-10-01,0.295,1.7353
HLT,318.850006,2026-10-02,2026-10-02 14:05:45 UTC,2026-10-02 16:05:45,open,315.440002,2026-10-01,3.410004,1.081
HON,212.949997,2026-10-02,2026-10-02 14:05:45 UTC,2026-10-02 16:05:45,open,213.800003,2026-10-01,-0.850006,-0.3976
HOOD,115.385002,2026-10-02,2026-10-02 14:05:45 UTC,2026-10-02 16:05:45,open,111.150002,2026-10-01,4.235,3.8102
HPE,68.720001,2026-10-02,2026-10-02 14:05:45 UTC,2026-10-02 16:05:45,open,64.580002,2026-10-01,4.139999,6.4107
HPQ,32.48,2026-10-02,2026-10-02 14:05:45 UTC,2026-10-02 16:05:45,open,32.150002,2026-10-01,0.329998,1.0264
HSY,160.115005,2026-10-02,2026-10-02 14:05:45 UTC,2026-10-02 16:05:45,open,159.300003,2026-10-01,0.815002,0.5116
HUM,382.5,2026-10-02,2026-10-02 14:05:45 UTC,2026-10-02 16:05:45,open,379.679993,2026-10-01,2.820007,0.7427
HWM,227.25,2026-10-02,2026-10-02 14:05:45 UTC,2026-10-02 16:05:45,open,228.380005,2026-10-01,-1.130005,-0.4948
IAI,176.5,2026-10-02,2026-10-02 14:05:45 UTC,2026-10-02 16:05:45,open,176.289993,2026-10-01,0.210007,0.1191
IBB,206.285004,2026-10-02,2026-10-02 14:05:45 UTC,2026-10-02 16:05:45,open,205.960007,2026-10-01,0.324997,0.1578
IBKR,88.32,2026-10-02,2026-10-02 14:05:45 UTC,2026-10-02 16:05:45,open,85.809998,2026-10-01,2.510002,2.9251
IBM,224.149994,2026-10-02,2026-10-02 14:05:45 UTC,2026-10-02 16:05:45,open,225.619995,2026-10-01,-1.470001,-0.6515
ICE,150.375,2026-10-02,2026-10-02 14:05:45 UTC,2026-10-02 16:05:45,open,151.470001,2026-10-01,-1.095001,-0.7229
IDXX,518.724976,2026-10-02,2026-10-02 14:05:45 UTC,2026-10-02 16:05:45,open,517.75,2026-10-01,0.974976,0.1883
IFF,83.584999,2026-10-02,2026-10-02 14:05:45 UTC,2026-10-02 16:05:45,open,83.120003,2026-10-01,0.464996,0.5594
IFNNY,72.519997,2026-10-02,2026-10-02 14:05:45 UTC,2026-10-02 16:05:45,open,67.43,2026-10-01,5.089997,7.5486
IGV,109.32,2026-10-02,2026-10-02 14:05:45 UTC,2026-10-02 16:05:45,open,108.230003,2026-10-01,1.089997,1.0071
IJR,138.824997,2026-10-02,2026-10-02 14:05:45 UTC,2026-10-02 16:05:45,open,136.970001,2026-10-01,1.854996,1.3543
INSM,107.790001,2026-10-02,2026-10-02 14:05:45 UTC,2026-10-02 16:05:45,open,108.589996,2026-10-01,-0.799995,-0.7367
INTU,281.25,2026-10-02,2026-10-02 14:05:45 UTC,2026-10-02 16:05:45,open,282.779999,2026-10-01,-1.529999,-0.5411
INVH,26.43,2026-10-02,2026-10-02 14:05:45 UTC,2026-10-02 16:05:45,open,26.4,2026-10-01,0.03,0.1136
IP,32.759998,2026-10-02,2026-10-02 14:05:45 UTC,2026-10-02 16:05:45,open,32.52,2026-10-01,0.239998,0.738
IQV,259.070007,2026-10-02,2026-10-02 14:05:45 UTC,2026-10-02 16:05:45,open,260.720001,2026-10-01,-1.649994,-0.6329
IRM,114.050003,2026-10-02,2026-10-02 14:05:45 UTC,2026-10-02 16:05:45,open,111.129997,2026-10-01,2.920006,2.6276
ISRG,395.221802,2026-10-02,2026-10-02 14:05:45 UTC,2026-10-02 16:05:45,open,401.23999,2026-10-01,-6.018188,-1.4999
ITA,206.904999,2026-10-02,2026-10-02 14:05:45 UTC,2026-10-02 16:05:45,open,208.039993,2026-10-01,-1.134994,-0.5456
ITW,262.220001,2026-10-02,2026-10-02 14:05:45 UTC,2026-10-02 16:05:45,open,260.839996,2026-10-01,1.380005,0.5291
IWM,282.309998,2026-10-02,2026-10-02 14:05:45 UTC,2026-10-02 16:05:45,open,279.019989,2026-10-01,3.290009,1.1791
JCI,153.740005,2026-10-02,2026-10-02 14:05:45 UTC,2026-10-02 16:05:45,open,151.770004,2026-10-01,1.970001,1.298
JNJ,257.055115,2026-10-02,2026-10-02 14:05:45 UTC,2026-10-02 16:05:45,open,258.660004,2026-10-01,-1.604889,-0.6205
JPM,331.007507,2026-10-02,2026-10-02 14:05:45 UTC,2026-10-02 16:05:45,open,333.179993,2026-10-01,-2.172486,-0.652
KDP,30.799999,2026-10-02,2026-10-02 14:05:45 UTC,2026-10-02 16:05:45,open,30.690001,2026-10-01,0.109998,0.3584
KEYS,381.609985,2026-10-02,2026-10-02 14:05:45 UTC,2026-10-02 16:05:45,open,373.880005,2026-10-01,7.72998,2.0675
KGC,24.395,2026-10-02,2026-10-02 14:05:45 UTC,2026-10-02 16:05:45,open,24.059999,2026-10-01,0.335001,1.3924
KHC,22.370001,2026-10-02,2026-10-02 14:05:45 UTC,2026-10-02 16:05:45,open,22.459999,2026-10-01,-0.089998,-0.4007
KIM,22.305,2026-10-02,2026-10-02 14:05:45 UTC,2026-10-02 16:05:45,open,22.209999,2026-10-01,0.095001,0.4277
KLAC,206.214996,2026-10-02,2026-10-02 14:05:45 UTC,2026-10-02 16:05:45,open,200.330002,2026-10-01,5.884994,2.9376
KMB,94.669998,2026-10-02,2026-10-02 14:05:45 UTC,2026-10-02 16:05:45,open,94.339996,2026-10-01,0.330002,0.3498
KMI,30.940001,2026-10-02,2026-10-02 14:05:45 UTC,2026-10-02 16:05:45,open,30.530001,2026-10-01,0.41,1.3429
KO,85.870003,2026-10-02,2026-10-02 14:05:45 UTC,2026-10-02 16:05:45,open,86.099998,2026-10-01,-0.229995,-0.2671
KR,59.400002,2026-10-02,2026-10-02 14:05:45 UTC,2026-10-02 16:05:45,open,59.48,2026-10-01,-0.079998,-0.1345
KRYS,326.255005,2026-10-02,2026-10-02 14:05:45 UTC,2026-10-02 16:05:45,open,325.309998,2026-10-01,0.945007,0.2905
LEN,81.915001,2026-10-02,2026-10-02 14:05:45 UTC,2026-10-02 16:05:45,open,82.110001,2026-10-01,-0.195,-0.2375
LHX,236.529999,2026-10-02,2026-10-02 14:05:45 UTC,2026-10-02 16:05:45,open,238.399994,2026-10-01,-1.869995,-0.7844
LII,360.200012,2026-10-02,2026-10-02 14:05:45 UTC,2026-10-02 16:05:45,open,360.459991,2026-10-01,-0.259979,-0.0721
LIN,478.929993,2026-10-02,2026-10-02 14:05:45 UTC,2026-10-02 16:05:45,open,469.450012,2026-10-01,9.479981,2.0194
LITE,1068.099976,2026-10-02,2026-10-02 14:05:45 UTC,2026-10-02 16:05:45,open,1045.780029,2026-10-01,22.319947,2.1343
LLY,1154.650024,2026-10-02,2026-10-02 14:05:45 UTC,2026-10-02 16:05:45,open,1149.849976,2026-10-01,4.800048,0.4174
LMT,501.599915,2026-10-02,2026-10-02 14:05:45 UTC,2026-10-02 16:05:45,open,505.5,2026-10-01,-3.900085,-0.7715
LNG,263.140015,2026-10-02,2026-10-02 14:05:45 UTC,2026-10-02 16:05:45,open,272.399994,2026-10-01,-9.259979,-3.3994
LNT,64.739998,2026-10-02,2026-10-02 14:05:45 UTC,2026-10-02 16:05:45,open,63.709999,2026-10-01,1.029999,1.6167
LOW,182.589996,2026-10-02,2026-10-02 14:05:45 UTC,2026-10-02 16:05:45,open,182.380005,2026-10-01,0.209991,0.1151
LRCX,348.890015,2026-10-02,2026-10-02 14:05:45 UTC,2026-10-02 16:05:45,open,340.100006,2026-10-01,8.790009,2.5845
LULU,95.915001,2026-10-02,2026-10-02 14:05:45 UTC,2026-10-02 16:05:45,open,95.860001,2026-10-01,0.055,0.0574
LYB,58.369999,2026-10-02,2026-10-02 14:05:45 UTC,2026-10-02 16:05:45,open,57.779999,2026-10-01,0.59,1.0211
LYV,167.345001,2026-10-02,2026-10-02 14:05:45 UTC,2026-10-02 16:05:45,open,166.850006,2026-10-01,0.494995,0.2967
MA,549.349976,2026-10-02,2026-10-02 14:05:45 UTC,2026-10-02 16:05:45,open,550.0,2026-10-01,-0.650024,-0.1182
MAA,116.074997,2026-10-02,2026-10-02 14:05:45 UTC,2026-10-02 16:05:45,open,116.379997,2026-10-01,-0.305,-0.2621
MAR,357.570007,2026-10-02,2026-10-02 14:05:45 UTC,2026-10-02 16:05:45,open,354.790009,2026-10-01,2.779998,0.7836
MCD,232.315002,2026-10-02,2026-10-02 14:05:45 UTC,2026-10-02 16:05:45,open,231.830002,2026-10-01,0.485,0.2092
MCHP,81.989998,2026-10-02,2026-10-02 14:05:45 UTC,2026-10-02 16:05:45,open,78.5,2026-10-01,3.489998,4.4459
MCK,886.429993,2026-10-02,2026-10-02 14:05:45 UTC,2026-10-02 16:05:45,open,898.820007,2026-10-01,-12.390014,-1.3785
MCO,442.959991,2026-10-02,2026-10-02 14:05:45 UTC,2026-10-02 16:05:45,open,447.359985,2026-10-01,-4.399994,-0.9835
MDLZ,57.869999,2026-10-02,2026-10-02 14:05:45 UTC,2026-10-02 16:05:45,open,57.759998,2026-10-01,0.110001,0.1904
MDT,86.195,2026-10-02,2026-10-02 14:05:45 UTC,2026-10-02 16:05:45,open,86.440002,2026-10-01,-0.245002,-0.2834
MET,94.620003,2026-10-02,2026-10-02 14:05:45 UTC,2026-10-02 16:05:45,open,94.349998,2026-10-01,0.270005,0.2862
META,731.789978,2026-10-02,2026-10-02 14:05:45 UTC,2026-10-02 16:05:45,open,725.929993,2026-10-01,5.859985,0.8072
MKC,44.93,2026-10-02,2026-10-02 14:05:45 UTC,2026-10-02 16:05:45,open,44.139999,2026-10-01,0.790001,1.7898
MKTX,164.300003,2026-10-02,2026-10-02 14:05:45 UTC,2026-10-02 16:05:45,open,164.220001,2026-10-01,0.080002,0.0487
MLM,482.519989,2026-10-02,2026-10-02 14:05:45 UTC,2026-10-02 16:05:45,open,479.170013,2026-10-01,3.349976,0.6991
MMM,163.860001,2026-10-02,2026-10-02 14:05:45 UTC,2026-10-02 16:05:45,open,163.020004,2026-10-01,0.839997,0.5153
MNST,42.435001,2026-10-02,2026-10-02 14:05:45 UTC,2026-10-02 16:05:45,open,42.139999,2026-10-01,0.295002,0.7001
MO,67.18,2026-10-02,2026-10-02 14:05:45 UTC,2026-10-02 16:05:45,open,66.949997,2026-10-01,0.230003,0.3435
MOD,178.559998,2026-10-02,2026-10-02 14:05:45 UTC,2026-10-02 16:05:45,open,189.210007,2026-10-01,-10.650009,-5.6287
MOS,21.709999,2026-10-02,2026-10-02 14:05:45 UTC,2026-10-02 16:05:45,open,21.549999,2026-10-01,0.16,0.7425
MP,46.685001,2026-10-02,2026-10-02 14:05:45 UTC,2026-10-02 16:05:45,open,46.09,2026-10-01,0.595001,1.291
MPC,414.0,2026-10-02,2026-10-02 14:05:45 UTC,2026-10-02 16:05:45,open,420.149994,2026-10-01,-6.149994,-1.4638
MPWR,1439.430054,2026-10-02,2026-10-02 14:05:45 UTC,2026-10-02 16:05:45,open,1360.969971,2026-10-01,78.460083,5.765
MRK,143.940002,2026-10-02,2026-10-02 14:05:45 UTC,2026-10-02 16:05:45,open,143.809998,2026-10-01,0.130004,0.0904
MRNA,188.839996,2026-10-02,2026-10-02 14:05:45 UTC,2026-10-02 16:05:45,open,188.940002,2026-10-01,-0.100006,-0.0529
MRSH,170.729996,2026-10-02,2026-10-02 14:05:45 UTC,2026-10-02 16:05:45,open,171.850006,2026-10-01,-1.12001,-0.6517
MRVL,278.299988,2026-10-02,2026-10-02 14:05:45 UTC,2026-10-02 16:05:45,open,268.079987,2026-10-01,10.220001,3.8123
MS,189.414993,2026-10-02,2026-10-02 14:05:45 UTC,2026-10-02 16:05:45,open,188.009995,2026-10-01,1.404998,0.7473
MSFT,517.119995,2026-10-02,2026-10-02 14:05:45 UTC,2026-10-02 16:05:45,open,512.799988,2026-10-01,4.320007,0.8424
MSI,448.355011,2026-10-02,2026-10-02 14:05:45 UTC,2026-10-02 16:05:45,open,448.029999,2026-10-01,0.325012,0.0725
MSTR,166.179901,2026-10-02,2026-10-02 14:05:45 UTC,2026-10-02 16:05:45,open,160.5,2026-10-01,5.679901,3.5389
MTSI,317.920013,2026-10-02,2026-10-02 14:05:45 UTC,2026-10-02 16:05:45,open,301.630005,2026-10-01,16.290008,5.4007
MU,1086.0,2026-10-02,2026-10-02 14:05:45 UTC,2026-10-02 16:05:45,open,1097.390015,2026-10-01,-11.390015,-1.0379
NBIX,142.679993,2026-10-02,2026-10-02 14:05:45 UTC,2026-10-02 16:05:45,open,140.710007,2026-10-01,1.969986,1.4
NDAQ,90.5,2026-10-02,2026-10-02 14:05:45 UTC,2026-10-02 16:05:45,open,91.669998,2026-10-01,-1.169998,-1.2763
NEE,76.995003,2026-10-02,2026-10-02 14:05:45 UTC,2026-10-02 16:05:45,open,76.349998,2026-10-01,0.645005,0.8448
NEM,116.425003,2026-10-02,2026-10-02 14:05:45 UTC,2026-10-02 16:05:45,open,114.669998,2026-10-01,1.755005,1.5305
NET,351.437592,2026-10-02,2026-10-02 14:05:45 UTC,2026-10-02 16:05:45,open,351.0,2026-10-01,0.437592,0.1247
NFLX,67.510002,2026-10-02,2026-10-02 14:05:45 UTC,2026-10-02 16:05:45,open,67.849998,2026-10-01,-0.339996,-0.5011
NI,39.77,2026-10-02,2026-10-02 14:05:45 UTC,2026-10-02 16:05:45,open,39.5,2026-10-01,0.27,0.6835
NKE,33.134998,2026-10-02,2026-10-02 14:05:45 UTC,2026-10-02 16:05:45,open,35.150002,2026-10-01,-2.015004,-5.7326
NOC,475.51001,2026-10-02,2026-10-02 14:05:45 UTC,2026-10-02 16:05:45,open,482.0,2026-10-01,-6.48999,-1.3465
NOV,18.895,2026-10-02,2026-10-02 14:05:45 UTC,2026-10-02 16:05:45,open,18.91,2026-10-01,-0.015,-0.0793
NOW,136.539993,2026-10-02,2026-10-02 14:05:45 UTC,2026-10-02 16:05:45,open,137.759995,2026-10-01,-1.220002,-0.8856
NRG,94.709999,2026-10-02,2026-10-02 14:05:45 UTC,2026-10-02 16:05:45,open,96.93,2026-10-01,-2.220001,-2.2903
NSC,314.070007,2026-10-02,2026-10-02 14:05:45 UTC,2026-10-02 16:05:45,open,310.26001,2026-10-01,3.809997,1.228
NUE,241.210007,2026-10-02,2026-10-02 14:05:45 UTC,2026-10-02 16:05:45,open,235.979996,2026-10-01,5.230011,2.2163
NUVL,123.959999,2026-07-14,2026-10-02 14:05:45 UTC,2026-10-02 16:05:45,open,123.959999,2026-07-14,0.0,0.0
NVDA,237.604996,2026-10-02,2026-10-02 14:05:45 UTC,2026-10-02 16:05:45,open,230.860001,2026-10-01,6.744995,2.9217
NVT,168.559998,2026-10-02,2026-10-02 14:05:45 UTC,2026-10-02 16:05:45,open,165.770004,2026-10-01,2.789994,1.6831
NVTS,13.165,2026-10-02,2026-10-02 14:05:45 UTC,2026-10-02 16:05:45,open,12.12,2026-10-01,1.045,8.6221
NXPI,244.720001,2026-10-02,2026-10-02 14:05:45 UTC,2026-10-02 16:05:45,open,239.190002,2026-10-01,5.529999,2.312
O,54.095001,2026-10-02,2026-10-02 14:05:45 UTC,2026-10-02 16:05:45,open,53.529999,2026-10-01,0.565002,1.0555
OKE,87.110001,2026-10-02,2026-10-02 14:05:45 UTC,2026-10-02 16:05:45,open,87.160004,2026-10-01,-0.050003,-0.0574
OMC,74.724998,2026-10-02,2026-10-02 14:05:45 UTC,2026-10-02 16:05:45,open,74.699997,2026-10-01,0.025001,0.0335
ON,84.459999,2026-10-02,2026-10-02 14:05:45 UTC,2026-10-02 16:05:45,open,80.080002,2026-10-01,4.379997,5.4695
ORCL,142.440002,2026-10-02,2026-10-02 14:05:45 UTC,2026-10-02 16:05:45,open,138.070007,2026-10-01,4.369995,3.1651
ORLY,85.154999,2026-10-02,2026-10-02 14:05:45 UTC,2026-10-02 16:05:45,open,85.029999,2026-10-01,0.125,0.147
OXY,57.549999,2026-10-02,2026-10-02 14:05:45 UTC,2026-10-02 16:05:45,open,57.84,2026-10-01,-0.290001,-0.5014
PAAS,45.915001,2026-10-02,2026-10-02 14:05:45 UTC,2026-10-02 16:05:45,open,44.98,2026-10-01,0.935001,2.0787
PANW,405.930511,2026-10-02,2026-10-02 14:05:45 UTC,2026-10-02 16:05:45,open,396.25,2026-10-01,9.680511,2.443
PAVE,53.579899,2026-10-02,2026-10-02 14:05:45 UTC,2026-10-02 16:05:45,open,53.040001,2026-10-01,0.539898,1.0179
PCAR,110.175003,2026-10-02,2026-10-02 14:05:45 UTC,2026-10-02 16:05:45,open,109.940002,2026-10-01,0.235001,0.2138
PCG,12.455,2026-10-02,2026-10-02 14:05:45 UTC,2026-10-02 16:05:45,open,12.17,2026-10-01,0.285,2.3418
PEG,68.599998,2026-10-02,2026-10-02 14:05:45 UTC,2026-10-02 16:05:45,open,67.889999,2026-10-01,0.709999,1.0458
PEP,125.559998,2026-10-02,2026-10-02 14:05:45 UTC,2026-10-02 16:05:45,open,125.599998,2026-10-01,-0.04,-0.0318
PFE,27.92,2026-10-02,2026-10-02 14:05:45 UTC,2026-10-02 16:05:45,open,28.120001,2026-10-01,-0.200001,-0.7112
PG,144.345001,2026-10-02,2026-10-02 14:05:45 UTC,2026-10-02 16:05:45,open,143.949997,2026-10-01,0.395004,0.2744
PGR,210.789993,2026-10-02,2026-10-02 14:05:45 UTC,2026-10-02 16:05:45,open,210.960007,2026-10-01,-0.170014,-0.0806
PH,969.630005,2026-10-02,2026-10-02 14:05:45 UTC,2026-10-02 16:05:45,open,965.880005,2026-10-01,3.75,0.3882
PHM,116.900002,2026-10-02,2026-10-02 14:05:45 UTC,2026-10-02 16:05:45,open,116.349998,2026-10-01,0.550004,0.4727
PINS,19.42,2026-10-02,2026-10-02 14:05:45 UTC,2026-10-02 16:05:45,open,19.459999,2026-10-01,-0.039999,-0.2055
PKG,231.279999,2026-10-02,2026-10-02 14:05:45 UTC,2026-10-02 16:05:45,open,229.710007,2026-10-01,1.569992,0.6835
PLD,128.800003,2026-10-02,2026-10-02 14:05:45 UTC,2026-10-02 16:05:45,open,128.179993,2026-10-01,0.62001,0.4837
PLTR,192.119995,2026-10-02,2026-10-02 14:05:45 UTC,2026-10-02 16:05:45,open,190.039993,2026-10-01,2.080002,1.0945
PM,187.779999,2026-10-02,2026-10-02 14:05:45 UTC,2026-10-02 16:05:45,open,188.179993,2026-10-01,-0.399994,-0.2126
PODD,129.244995,2026-10-02,2026-10-02 14:05:45 UTC,2026-10-02 16:05:45,open,130.789993,2026-10-01,-1.544998,-1.1813
POET,8.1601,2026-10-02,2026-10-02 14:05:45 UTC,2026-10-02 16:05:45,open,7.64,2026-10-01,0.5201,6.8076
POWI,54.560001,2026-10-02,2026-10-02 14:05:45 UTC,2026-10-02 16:05:45,open,51.5,2026-10-01,3.060001,5.9417
POWL,194.479996,2026-10-02,2026-10-02 14:05:45 UTC,2026-10-02 16:05:45,open,190.600006,2026-10-01,3.87999,2.0357
PPG,105.830002,2026-10-02,2026-10-02 14:05:45 UTC,2026-10-02 16:05:45,open,104.669998,2026-10-01,1.160004,1.1082
PPL,33.005001,2026-10-02,2026-10-02 14:05:45 UTC,2026-10-02 16:05:45,open,32.759998,2026-10-01,0.245003,0.7479
PRU,112.355003,2026-10-02,2026-10-02 14:05:45 UTC,2026-10-02 16:05:45,open,113.129997,2026-10-01,-0.774994,-0.685
PSA,285.5,2026-10-02,2026-10-02 14:05:45 UTC,2026-10-02 16:05:45,open,284.0,2026-10-01,1.5,0.5282
PSI,162.565002,2026-10-02,2026-10-02 14:05:45 UTC,2026-10-02 16:05:45,open,155.899994,2026-10-01,6.665008,4.2752
PSX,260.984985,2026-10-02,2026-10-02 14:05:45 UTC,2026-10-02 16:05:45,open,264.230011,2026-10-01,-3.245026,-1.2281
PWR,673.72998,2026-10-02,2026-10-02 14:05:45 UTC,2026-10-02 16:05:45,open,662.599976,2026-10-01,11.130004,1.6797
QCOM,187.554993,2026-10-02,2026-10-02 14:05:45 UTC,2026-10-02 16:05:45,open,182.089996,2026-10-01,5.464997,3.0013
QQQ,752.02002,2026-10-02,2026-10-02 14:05:45 UTC,2026-10-02 16:05:45,open,742.030029,2026-10-01,9.989991,1.3463
QRVO,112.040001,2026-10-02,2026-10-02 14:05:45 UTC,2026-10-02 16:05:45,open,112.209999,2026-10-01,-0.169998,-0.1515
RBLX,42.91,2026-10-02,2026-10-02 14:05:45 UTC,2026-10-02 16:05:45,open,43.0,2026-10-01,-0.09,-0.2093
RCL,276.309998,2026-10-02,2026-10-02 14:05:45 UTC,2026-10-02 16:05:45,open,269.98999,2026-10-01,6.320008,2.3408
RDDT,147.490005,2026-10-02,2026-10-02 14:05:45 UTC,2026-10-02 16:05:45,open,149.529999,2026-10-01,-2.039994,-1.3643
REG,72.089996,2026-10-02,2026-10-02 14:05:45 UTC,2026-10-02 16:05:45,open,71.800003,2026-10-01,0.289993,0.4039
REGN,734.75,2026-10-02,2026-10-02 14:05:45 UTC,2026-10-02 16:05:45,open,734.809998,2026-10-01,-0.059998,-0.0082
RMD,222.029999,2026-10-02,2026-10-02 14:05:45 UTC,2026-10-02 16:05:45,open,221.149994,2026-10-01,0.880005,0.3979
RNECY,11.61,2026-10-02,2026-10-02 14:05:45 UTC,2026-10-02 16:05:45,open,11.31,2026-10-01,0.3,2.6525
ROHCY,32.59,2026-10-01,2026-10-02 14:05:45 UTC,2026-10-02 16:05:45,open,32.59,2026-10-01,0.0,0.0
ROK,447.920013,2026-10-02,2026-10-02 14:05:45 UTC,2026-10-02 16:05:45,open,442.450012,2026-10-01,5.470001,1.2363
ROST,232.100006,2026-10-02,2026-10-02 14:05:45 UTC,2026-10-02 16:05:45,open,234.100006,2026-10-01,-2.0,-0.8543
RS,398.440002,2026-10-02,2026-10-02 14:05:45 UTC,2026-10-02 16:05:45,open,393.040009,2026-10-01,5.399993,1.3739
RTX,183.940002,2026-10-02,2026-10-02 14:05:45 UTC,2026-10-02 16:05:45,open,185.009995,2026-10-01,-1.069993,-0.5783
RVMD,207.830002,2026-10-02,2026-10-02 14:05:45 UTC,2026-10-02 16:05:45,open,205.889999,2026-10-01,1.940003,0.9423
SBAC,162.240005,2026-10-02,2026-10-02 14:05:45 UTC,2026-10-02 16:05:45,open,158.020004,2026-10-01,4.220001,2.6705
SBGSY,68.199997,2026-10-02,2026-10-02 14:05:45 UTC,2026-10-02 16:05:45,open,65.989998,2026-10-01,2.209999,3.349
SBUX,94.690002,2026-10-02,2026-10-02 14:05:45 UTC,2026-10-02 16:05:45,open,94.879997,2026-10-01,-0.189995,-0.2002
SCCO,205.404999,2026-10-02,2026-10-02 14:05:45 UTC,2026-10-02 16:05:45,open,199.220001,2026-10-01,6.184998,3.1046
SCHA,33.189999,2026-10-02,2026-10-02 14:05:45 UTC,2026-10-02 16:05:45,open,32.77,2026-10-01,0.419999,1.2817
SCHW,96.889999,2026-10-02,2026-10-02 14:05:45 UTC,2026-10-02 16:05:45,open,98.370003,2026-10-01,-1.480004,-1.5045
SHW,323.410004,2026-10-02,2026-10-02 14:05:45 UTC,2026-10-02 16:05:45,open,320.779999,2026-10-01,2.630005,0.8199
SIL,87.330002,2026-10-02,2026-10-02 14:05:45 UTC,2026-10-02 16:05:45,open,85.629997,2026-10-01,1.700005,1.9853
SLB,48.424999,2026-10-02,2026-10-02 14:05:45 UTC,2026-10-02 16:05:45,open,48.66,2026-10-01,-0.235001,-0.4829
SMCI,44.2449,2026-10-02,2026-10-02 14:05:45 UTC,2026-10-02 16:05:45,open,41.919998,2026-10-01,2.324902,5.546
SMH,635.315002,2026-10-02,2026-10-02 14:05:45 UTC,2026-10-02 16:05:45,open,617.809998,2026-10-01,17.505004,2.8334
SNAP,5.68,2026-10-02,2026-10-02 14:05:45 UTC,2026-10-02 16:05:45,open,5.65,2026-10-01,0.03,0.531
SNPS,491.984985,2026-10-02,2026-10-02 14:05:45 UTC,2026-10-02 16:05:45,open,490.540009,2026-10-01,1.444976,0.2946
SO,84.040001,2026-10-02,2026-10-02 14:05:45 UTC,2026-10-02 16:05:45,open,83.470001,2026-10-01,0.57,0.6829
SOL-USD,122.269997,2026-10-02,2026-10-02 14:05:45 UTC,2026-10-02 16:05:45,open_24_7,118.397827,2026-10-01,3.87217,3.2705
SOXX,595.97998,2026-10-02,2026-10-02 14:05:45 UTC,2026-10-02 16:05:45,open,576.330017,2026-10-01,19.649963,3.4095
SPG,201.365005,2026-10-02,2026-10-02 14:05:45 UTC,2026-10-02 16:05:45,open,200.809998,2026-10-01,0.555007,0.2764
SPGI,384.579987,2026-10-02,2026-10-02 14:05:45 UTC,2026-10-02 16:05:45,open,388.160004,2026-10-01,-3.580017,-0.9223
SPOT,473.454987,2026-10-02,2026-10-02 14:05:45 UTC,2026-10-02 16:05:45,open,491.399994,2026-10-01,-17.945007,-3.6518
SPY,770.409973,2026-10-02,2026-10-02 14:05:45 UTC,2026-10-02 16:05:45,open,763.98999,2026-10-01,6.419983,0.8403
SRE,78.635002,2026-10-02,2026-10-02 14:05:45 UTC,2026-10-02 16:05:45,open,78.050003,2026-10-01,0.584999,0.7495
SSRM,34.09,2026-10-02,2026-10-02 14:05:45 UTC,2026-10-02 16:05:45,open,33.419998,2026-10-01,0.670002,2.0048
STLD,230.910004,2026-10-02,2026-10-02 14:05:45 UTC,2026-10-02 16:05:45,open,226.169998,2026-10-01,4.740006,2.0958
STM,56.540001,2026-10-02,2026-10-02 14:05:45 UTC,2026-10-02 16:05:45,open,53.5,2026-10-01,3.040001,5.6822
STT,175.040405,2026-10-02,2026-10-02 14:05:45 UTC,2026-10-02 16:05:45,open,174.619995,2026-10-01,0.42041,0.2408
STZ,112.910004,2026-10-02,2026-10-02 14:05:45 UTC,2026-10-02 16:05:45,open,112.989998,2026-10-01,-0.079994,-0.0708
SYK,273.070007,2026-10-02,2026-10-02 14:05:45 UTC,2026-10-02 16:05:45,open,272.959991,2026-10-01,0.110016,0.0403
SYY,77.690002,2026-10-02,2026-10-02 14:05:45 UTC,2026-10-02 16:05:45,open,77.769997,2026-10-01,-0.079995,-0.1029
T,24.370001,2026-10-02,2026-10-02 14:05:45 UTC,2026-10-02 16:05:45,open,24.299999,2026-10-01,0.070002,0.2881
TDG,1095.430054,2026-10-02,2026-10-02 14:05:45 UTC,2026-10-02 16:05:45,open,1097.23999,2026-10-01,-1.809936,-0.165
TECK,67.199997,2026-10-02,2026-10-02 14:05:45 UTC,2026-10-02 16:05:45,open,65.220001,2026-10-01,1.979996,3.0359
TEL,218.904999,2026-10-02,2026-10-02 14:05:45 UTC,2026-10-02 16:05:45,open,217.759995,2026-10-01,1.145004,0.5258
TER,442.774994,2026-10-02,2026-10-02 14:05:45 UTC,2026-10-02 16:05:45,open,415.790009,2026-10-01,26.984985,6.4901
TGT,155.940002,2026-10-02,2026-10-02 14:05:45 UTC,2026-10-02 16:05:45,open,156.699997,2026-10-01,-0.759995,-0.485
TGTX,54.950001,2026-10-02,2026-10-02 14:05:45 UTC,2026-10-02 16:05:45,open,53.619999,2026-10-01,1.330002,2.4804
TJX,133.210007,2026-10-02,2026-10-02 14:05:45 UTC,2026-10-02 16:05:45,open,133.589996,2026-10-01,-0.379989,-0.2844
TMO,651.630005,2026-10-02,2026-10-02 14:05:45 UTC,2026-10-02 16:05:45,open,652.51001,2026-10-01,-0.880005,-0.1349
TMUS,163.074997,2026-10-02,2026-10-02 14:05:45 UTC,2026-10-02 16:05:45,open,161.729996,2026-10-01,1.345001,0.8316
TOL,137.630005,2026-10-02,2026-10-02 14:05:45 UTC,2026-10-02 16:05:45,open,136.360001,2026-10-01,1.270004,0.9314
TPL,338.125,2026-10-02,2026-10-02 14:05:45 UTC,2026-10-02 16:05:45,open,336.459991,2026-10-01,1.665009,0.4949
TRGP,278.554993,2026-10-02,2026-10-02 14:05:45 UTC,2026-10-02 16:05:45,open,279.309998,2026-10-01,-0.755005,-0.2703
TROW,106.220001,2026-10-02,2026-10-02 14:05:45 UTC,2026-10-02 16:05:45,open,105.830002,2026-10-01,0.389999,0.3685
TRV,360.609985,2026-10-02,2026-10-02 14:05:45 UTC,2026-10-02 16:05:45,open,361.640015,2026-10-01,-1.03003,-0.2848
TSCO,31.75,2026-10-02,2026-10-02 14:05:45 UTC,2026-10-02 16:05:45,open,31.73,2026-10-01,0.02,0.063
TSLA,369.829987,2026-10-02,2026-10-02 14:05:45 UTC,2026-10-02 16:05:45,open,354.109985,2026-10-01,15.720002,4.4393
TSM,471.274994,2026-10-02,2026-10-02 14:05:45 UTC,2026-10-02 16:05:45,open,459.200012,2026-10-01,12.074982,2.6296
TSN,51.32,2026-10-02,2026-10-02 14:05:45 UTC,2026-10-02 16:05:45,open,50.470001,2026-10-01,0.849999,1.6842
TT,459.079987,2026-10-02,2026-10-02 14:05:45 UTC,2026-10-02 16:05:45,open,458.940002,2026-10-01,0.139985,0.0305
TTD,12.05,2026-10-02,2026-10-02 14:05:45 UTC,2026-10-02 16:05:45,open,12.1,2026-10-01,-0.05,-0.4132
TTWO,203.359894,2026-10-02,2026-10-02 14:05:45 UTC,2026-10-02 16:05:45,open,203.619995,2026-10-01,-0.260101,-0.1277
TVTX,56.59,2026-10-02,2026-10-02 14:05:45 UTC,2026-10-02 16:05:45,open,56.849998,2026-10-01,-0.259998,-0.4573
TWST,191.979996,2026-10-02,2026-10-02 14:05:45 UTC,2026-10-02 16:05:45,open,188.050003,2026-10-01,3.929993,2.0899
TXN,292.695007,2026-10-02,2026-10-02 14:05:45 UTC,2026-10-02 16:05:45,open,281.309998,2026-10-01,11.385009,4.0471
UAL,112.559998,2026-10-02,2026-10-02 14:05:45 UTC,2026-10-02 16:05:45,open,111.779999,2026-10-01,0.779999,0.6978
UDR,33.700001,2026-10-02,2026-10-02 14:05:45 UTC,2026-10-02 16:05:45,open,33.68,2026-10-01,0.020001,0.0594
UNH,366.850006,2026-10-02,2026-10-02 14:05:45 UTC,2026-10-02 16:05:45,open,365.200012,2026-10-01,1.649994,0.4518
UNP,274.545013,2026-10-02,2026-10-02 14:05:45 UTC,2026-10-02 16:05:45,open,272.420013,2026-10-01,2.125,0.78
UPS,94.089996,2026-10-02,2026-10-02 14:05:45 UTC,2026-10-02 16:05:45,open,93.889999,2026-10-01,0.199997,0.213
URI,1052.810059,2026-10-02,2026-10-02 14:05:45 UTC,2026-10-02 16:05:45,open,1034.109985,2026-10-01,18.700074,1.8083
USB,57.514999,2026-10-02,2026-10-02 14:05:45 UTC,2026-10-02 16:05:45,open,57.360001,2026-10-01,0.154998,0.2702
V,359.165009,2026-10-02,2026-10-02 14:05:45 UTC,2026-10-02 16:05:45,open,359.850006,2026-10-01,-0.684997,-0.1904
VB,289.700012,2026-10-02,2026-10-02 14:05:45 UTC,2026-10-02 16:05:45,open,286.559998,2026-10-01,3.140014,1.0958
VICI,22.754999,2026-10-02,2026-10-02 14:05:45 UTC,2026-10-02 16:05:45,open,22.73,2026-10-01,0.024999,0.11
VLO,397.429993,2026-10-02,2026-10-02 14:05:45 UTC,2026-10-02 16:05:45,open,408.459991,2026-10-01,-11.029998,-2.7004
VMC,244.710007,2026-10-02,2026-10-02 14:05:45 UTC,2026-10-02 16:05:45,open,243.979996,2026-10-01,0.730011,0.2992
VRT,249.960007,2026-10-02,2026-10-02 14:05:45 UTC,2026-10-02 16:05:45,open,246.119995,2026-10-01,3.840012,1.5602
VRTX,504.919891,2026-10-02,2026-10-02 14:05:45 UTC,2026-10-02 16:05:45,open,506.73999,2026-10-01,-1.820099,-0.3592
VST,136.020004,2026-10-02,2026-10-02 14:05:45 UTC,2026-10-02 16:05:45,open,139.75,2026-10-01,-3.729996,-2.669
VTWO,114.205002,2026-10-02,2026-10-02 14:05:45 UTC,2026-10-02 16:05:45,open,112.669998,2026-10-01,1.535004,1.3624
VZ,46.115002,2026-10-02,2026-10-02 14:05:45 UTC,2026-10-02 16:05:45,open,45.98,2026-10-01,0.135002,0.2936
WBD,30.945,2026-10-02,2026-10-02 14:05:45 UTC,2026-10-02 16:05:45,open,30.950001,2026-10-01,-0.005001,-0.0162
WEC,102.595001,2026-10-02,2026-10-02 14:05:45 UTC,2026-10-02 16:05:45,open,101.730003,2026-10-01,0.864998,0.8503
WELL,229.179993,2026-10-02,2026-10-02 14:05:45 UTC,2026-10-02 16:05:45,open,226.940002,2026-10-01,2.239991,0.987
WFC,80.239998,2026-10-02,2026-10-02 14:05:45 UTC,2026-10-02 16:05:45,open,80.25,2026-10-01,-0.010002,-0.0125
WM,201.320007,2026-10-02,2026-10-02 14:05:45 UTC,2026-10-02 16:05:45,open,201.899994,2026-10-01,-0.579987,-0.2873
WMB,70.022499,2026-10-02,2026-10-02 14:05:45 UTC,2026-10-02 16:05:45,open,69.220001,2026-10-01,0.802498,1.1593
WMT,104.25,2026-10-02,2026-10-02 14:05:45 UTC,2026-10-02 16:05:45,open,104.260002,2026-10-01,-0.010002,-0.0096
WPM,136.289993,2026-10-02,2026-10-02 14:05:45 UTC,2026-10-02 16:05:45,open,133.419998,2026-10-01,2.869995,2.1511
WY,18.57,2026-10-02,2026-10-02 14:05:45 UTC,2026-10-02 16:05:45,open,18.59,2026-10-01,-0.02,-0.1076
XBI,155.949997,2026-10-02,2026-10-02 14:05:45 UTC,2026-10-02 16:05:45,open,154.509995,2026-10-01,1.440002,0.932
XEL,71.470001,2026-10-02,2026-10-02 14:05:45 UTC,2026-10-02 16:05:45,open,70.550003,2026-10-01,0.919998,1.304
XLB,49.07,2026-10-02,2026-10-02 14:05:45 UTC,2026-10-02 16:05:45,open,48.540001,2026-10-01,0.529999,1.0919
XLC,110.540001,2026-10-02,2026-10-02 14:05:45 UTC,2026-10-02 16:05:45,open,109.940002,2026-10-01,0.599999,0.5458
XLE,62.59,2026-10-02,2026-10-02 14:05:45 UTC,2026-10-02 16:05:45,open,62.700001,2026-10-01,-0.110001,-0.1754
XLF,53.424999,2026-10-02,2026-10-02 14:05:45 UTC,2026-10-02 16:05:45,open,53.459999,2026-10-01,-0.035,-0.0655
XLI,169.070007,2026-10-02,2026-10-02 14:05:45 UTC,2026-10-02 16:05:45,open,168.639999,2026-10-01,0.430008,0.255
XLK,200.684998,2026-10-02,2026-10-02 14:05:45 UTC,2026-10-02 16:05:45,open,197.809998,2026-10-01,2.875,1.4534
XLP,80.440002,2026-10-02,2026-10-02 14:05:45 UTC,2026-10-02 16:05:45,open,80.330002,2026-10-01,0.11,0.1369
XLRE,40.970001,2026-10-02,2026-10-02 14:05:45 UTC,2026-10-02 16:05:45,open,40.68,2026-10-01,0.290001,0.7129
XLU,39.810001,2026-10-02,2026-10-02 14:05:45 UTC,2026-10-02 16:05:45,open,39.68,2026-10-01,0.130001,0.3276
XLV,165.990005,2026-10-02,2026-10-02 14:05:45 UTC,2026-10-02 16:05:45,open,166.199997,2026-10-01,-0.209992,-0.1263
XLY,110.139999,2026-10-02,2026-10-02 14:05:45 UTC,2026-10-02 16:05:45,open,108.809998,2026-10-01,1.330001,1.2223
XME,106.3722,2026-10-02,2026-10-02 14:05:45 UTC,2026-10-02 16:05:45,open,104.290001,2026-10-01,2.082199,1.9965
XOM,163.725006,2026-10-02,2026-10-02 14:05:45 UTC,2026-10-02 16:05:45,open,163.820007,2026-10-01,-0.095001,-0.058
XSD,553.75,2026-10-02,2026-10-02 14:05:45 UTC,2026-10-02 16:05:45,open,535.98999,2026-10-01,17.76001,3.3135
YUM,136.970001,2026-10-02,2026-10-02 14:05:45 UTC,2026-10-02 16:05:45,open,136.690002,2026-10-01,0.279999,0.2048
ZTS,69.724998,2026-10-02,2026-10-02 14:05:45 UTC,2026-10-02 16:05:45,open,69.099998,2026-10-01,0.625,0.9045
